video_id,published_at,day1_views,day1_impressions,day1_avg_view_percentage,day2_views,day2_impressions,day2_avg_view_percentage,day3_views,day3_impressions,day3_avg_view_percentage,subscriber_count_at_publish,category,target_views_day7
synthetic_baseline_normal_00001,2025-07-01T00:00:00Z,5601,70310,52.56,5793,63211,58.53,6247,71942,58.68,27101,gaming,33188
synthetic_baseline_normal_00002,2025-07-01T08:00:00Z,9869,129983,49.11,11279,117341,47.13,15323,192361,49.84,52806,gaming,93654
synthetic_baseline_normal_00003,2025-07-01T16:00:00Z,21843,290655,30.02,17471,249760,31.97,12809,192063,36.47,26678,entertainment,75247
synthetic_baseline_normal_00004,2025-07-02T00:00:00Z,3087,48401,49.86,2468,31683,53.59,2029,33447,57.39,14599,lifestyle,14501
synthetic_baseline_normal_00005,2025-07-02T08:00:00Z,5574,73751,81.03,6064,51637,85,7902,66427,86.05,17754,gaming,53724
synthetic_baseline_normal_00006,2025-07-02T16:00:00Z,21181,322026,35.65,22500,333624,36.2,23967,373685,39.3,62991,entertainment,150096
synthetic_baseline_normal_00007,2025-07-03T00:00:00Z,4536,56956,50.2,5121,75943,55.14,5649,52610,55.11,17115,education,42911
synthetic_baseline_normal_00008,2025-07-03T08:00:00Z,4839,48440,69.25,4711,43420,70.62,4581,47998,75.04,37004,education,40294
synthetic_baseline_normal_00009,2025-07-03T16:00:00Z,3603,42667,58.02,2639,33769,57.65,2859,31937,59.86,15424,entertainment,17291
synthetic_baseline_normal_00010,2025-07-04T00:00:00Z,2873,35826,42.67,1949,19690,44.88,1464,20703,47.09,10255,entertainment,9604
synthetic_baseline_normal_00011,2025-07-04T08:00:00Z,1090,17763,38.7,1065,14207,39.95,1141,16542,42.7,16623,lifestyle,7539
synthetic_baseline_normal_00012,2025-07-04T16:00:00Z,49858,566954,50.27,54813,697898,44.98,50667,625584,49.57,97852,lifestyle,324203
synthetic_baseline_normal_00013,2025-07-05T00:00:00Z,8685,103707,71.01,14010,147266,71.72,16953,168504,75.64,73439,education,171667
synthetic_baseline_normal_00014,2025-07-05T08:00:00Z,8713,98368,61.39,10735,93762,66.62,11357,113126,64.34,53829,gaming,85451
synthetic_baseline_normal_00015,2025-07-05T16:00:00Z,7063,110931,42.92,9551,103588,48.51,11910,149414,51.69,33905,gaming,72874
synthetic_baseline_normal_00016,2025-07-06T00:00:00Z,2111,29437,48.65,1867,34866,49,1540,17774,50.41,14670,gaming,10588
synthetic_baseline_normal_00017,2025-07-06T08:00:00Z,2165,25137,54.67,1306,16477,55.11,987,11840,56.59,17676,gaming,7589
synthetic_baseline_normal_00018,2025-07-06T15:59:59Z,25522,234576,65.71,28704,327490,67.48,29313,272186,67.91,40119,lifestyle,235986
synthetic_baseline_normal_00019,2025-07-07T00:00:00Z,25412,326983,55.87,19875,212094,55.36,16407,226098,57.06,55792,gaming,126214
synthetic_baseline_normal_00020,2025-07-07T08:00:00Z,7475,115509,46.65,10345,105306,47.9,13278,184003,47.78,49575,gaming,78134
synthetic_baseline_normal_00021,2025-07-07T16:00:00Z,8455,78530,66.47,10346,101054,68.39,12658,135268,67.47,68169,gaming,78697
synthetic_baseline_normal_00022,2025-07-08T00:00:00Z,6776,70086,64.57,7693,90507,67.16,9630,109972,69.93,53676,gaming,61864
synthetic_baseline_normal_00023,2025-07-08T08:00:00Z,1320,16841,55.43,1959,18894,55.51,3559,40923,55.84,12135,gaming,20775
synthetic_baseline_normal_00024,2025-07-08T16:00:00Z,2513,29305,44.58,2055,28089,50.05,2131,29082,49.29,16913,education,15197
synthetic_baseline_normal_00025,2025-07-09T00:00:00Z,16276,189473,52.71,16274,223358,46.13,18160,247283,52.62,70663,entertainment,121410
synthetic_baseline_normal_00026,2025-07-09T08:00:00Z,17413,191265,41.44,12760,116465,37.5,11654,166384,42.25,72058,entertainment,77147
synthetic_baseline_normal_00027,2025-07-09T16:00:00Z,8308,86637,59.75,8532,88437,64.07,9669,137230,64.49,37534,lifestyle,64015
synthetic_baseline_normal_00028,2025-07-10T00:00:00Z,7893,99751,33.61,5831,74368,34.92,4216,50920,38.39,45261,education,29613
synthetic_baseline_normal_00029,2025-07-10T08:00:00Z,7115,80810,60.07,9701,109478,60.05,11553,173657,59.78,26915,entertainment,68754
synthetic_baseline_normal_00030,2025-07-10T16:00:00Z,8419,94546,61.75,5451,53612,62.67,4006,44880,64.66,36933,entertainment,35907
